request_id,source_location_id,destination_location_id,category,urgency,time_submitted,deadline,status
REQ-001,1,1,plumbing,MEDIUM,2026-08-01T07:15:00Z,2026-08-02T07:15:00Z,DONE
REQ-002,40,16,shuttle_transit,LOW,2026-08-01T07:25:00Z,2026-08-01T07:45:00Z,DONE
REQ-003,17,17,electrical,HIGH,2026-08-01T07:40:00Z,2026-08-01T15:40:00Z,DONE
REQ-004,12,44,shuttle_transit,LOW,2026-08-01T08:00:00Z,2026-08-01T08:30:00Z,DONE
REQ-005,16,16,IT_network,MEDIUM,2026-08-01T08:15:00Z,2026-08-02T08:15:00Z,DONE
REQ-006,5,5,carpentry,LOW,2026-08-01T09:10:00Z,2026-08-04T09:10:00Z,DONE
REQ-007,43,40,shuttle_transit,MEDIUM,2026-08-01T09:45:00Z,2026-08-01T10:15:00Z,DONE
REQ-008,32,32,lab_equipment,CRITICAL,2026-08-01T10:20:00Z,2026-08-01T14:20:00Z,DONE
REQ-009,8,8,plumbing,LOW,2026-08-01T11:05:00Z,2026-08-03T11:05:00Z,DONE
REQ-010,41,45,shuttle_transit,LOW,2026-08-01T12:00:00Z,2026-08-01T12:30:00Z,DONE
REQ-011,2,2,waste_management,LOW,2026-08-01T13:15:00Z,2026-08-03T13:15:00Z,DONE
REQ-012,23,23,IT_network,HIGH,2026-08-01T14:30:00Z,2026-08-02T14:30:00Z,DONE
REQ-013,15,15,electrical,MEDIUM,2026-08-01T15:00:00Z,2026-08-02T15:00:00Z,DONE
REQ-014,40,43,shuttle_transit,LOW,2026-08-01T15:45:00Z,2026-08-01T16:15:00Z,DONE
REQ-015,18,18,carpentry,LOW,2026-08-01T16:30:00Z,2026-08-04T16:30:00Z,DONE
REQ-016,33,33,electrical,CRITICAL,2026-08-02T06:10:00Z,2026-08-02T10:10:00Z,DONE
REQ-017,42,40,shuttle_transit,LOW,2026-08-02T06:45:00Z,2026-08-02T07:15:00Z,DONE
REQ-018,4,4,plumbing,MEDIUM,2026-08-02T07:20:00Z,2026-08-03T07:20:00Z,DONE
REQ-019,25,25,IT_network,MEDIUM,2026-08-02T08:00:00Z,2026-08-03T08:00:00Z,DONE
REQ-020,12,12,electrical,LOW,2026-08-02T09:15:00Z,2026-08-05T09:15:00Z,DONE
REQ-021,44,15,shuttle_transit,MEDIUM,2026-08-02T10:05:00Z,2026-08-02T10:35:00Z,CANCELLED
REQ-022,36,36,IT_network,LOW,2026-08-02T10:50:00Z,2026-08-04T10:50:00Z,DONE
REQ-023,10,10,plumbing,MEDIUM,2026-08-02T11:40:00Z,2026-08-03T11:40:00Z,DONE
REQ-024,40,41,shuttle_transit,LOW,2026-08-02T12:25:00Z,2026-08-02T12:55:00Z,DONE
REQ-025,38,38,lab_equipment,HIGH,2026-08-02T13:10:00Z,2026-08-03T13:10:00Z,DONE
REQ-026,14,14,waste_management,LOW,2026-08-02T14:20:00Z,2026-08-04T14:20:00Z,DONE
REQ-027,43,16,shuttle_transit,LOW,2026-08-02T15:35:00Z,2026-08-02T16:05:00Z,DONE
REQ-028,17,17,electrical,MEDIUM,2026-08-02T16:15:00Z,2026-08-03T16:15:00Z,DONE
REQ-029,21,21,carpentry,LOW,2026-08-02T17:00:00Z,2026-08-05T17:00:00Z,DONE
REQ-030,28,28,lab_equipment,MEDIUM,2026-08-03T07:05:00Z,2026-08-04T07:05:00Z,DONE
REQ-031,40,12,shuttle_transit,MEDIUM,2026-08-03T07:30:00Z,2026-08-03T08:00:00Z,DONE
REQ-032,3,3,plumbing,LOW,2026-08-03T08:15:00Z,2026-08-06T08:15:00Z,DONE
REQ-033,26,26,electrical,MEDIUM,2026-08-03T09:00:00Z,2026-08-04T09:00:00Z,DONE
REQ-034,44,40,shuttle_transit,LOW,2026-08-03T09:45:00Z,2026-08-03T10:15:00Z,DONE
REQ-035,16,16,IT_network,CRITICAL,2026-08-03T10:10:00Z,2026-08-03T14:10:00Z,DONE
REQ-036,46,46,waste_management,LOW,2026-08-03T11:20:00Z,2026-08-05T11:20:00Z,DONE
REQ-037,13,13,plumbing,MEDIUM,2026-08-03T12:05:00Z,2026-08-04T12:05:00Z,DONE
REQ-038,42,16,shuttle_transit,LOW,2026-08-03T13:00:00Z,2026-08-03T13:30:00Z,DONE
REQ-039,34,34,electrical,HIGH,2026-08-03T13:45:00Z,2026-08-04T13:45:00Z,DONE
REQ-040,19,19,carpentry,LOW,2026-08-03T14:30:00Z,2026-08-06T14:30:00Z,DONE
REQ-041,40,42,shuttle_transit,MEDIUM,2026-08-03T15:25:00Z,2026-08-03T15:55:00Z,DONE
REQ-042,27,27,lab_equipment,MEDIUM,2026-08-03T16:10:00Z,2026-08-04T16:10:00Z,DONE
REQ-043,7,7,IT_network,LOW,2026-08-03T17:05:00Z,2026-08-06T17:05:00Z,DONE
REQ-044,43,44,shuttle_transit,LOW,2026-08-04T07:15:00Z,2026-08-04T07:45:00Z,DONE
REQ-045,1,1,electrical,MEDIUM,2026-08-04T08:00:00Z,2026-08-05T08:00:00Z,DONE
REQ-046,39,39,IT_network,LOW,2026-08-04T08:45:00Z,2026-08-07T08:45:00Z,DONE
REQ-047,40,43,shuttle_transit,HIGH,2026-08-04T09:20:00Z,2026-08-04T09:50:00Z,DONE
REQ-048,6,6,plumbing,MEDIUM,2026-08-04T10:10:00Z,2026-08-05T10:10:00Z,DONE
REQ-049,24,24,carpentry,LOW,2026-08-04T11:00:00Z,2026-08-07T11:00:00Z,DONE
REQ-050,44,40,shuttle_transit,LOW,2026-08-04T11:50:00Z,2026-08-04T12:20:00Z,CANCELLED
REQ-051,32,32,lab_equipment,CRITICAL,2026-08-04T12:30:00Z,2026-08-04T16:30:00Z,DONE
REQ-052,29,29,electrical,LOW,2026-08-04T13:25:00Z,2026-08-07T13:25:00Z,DONE
REQ-053,41,43,shuttle_transit,MEDIUM,2026-08-04T14:15:00Z,2026-08-04T14:45:00Z,DONE
REQ-054,11,11,waste_management,LOW,2026-08-04T15:00:00Z,2026-08-06T15:00:00Z,DONE
REQ-055,25,25,IT_network,HIGH,2026-08-04T16:10:00Z,2026-08-05T16:10:00Z,DONE
REQ-056,40,12,shuttle_transit,LOW,2026-08-05T07:05:00Z,2026-08-05T07:35:00Z,DONE
REQ-057,5,5,plumbing,CRITICAL,2026-08-05T07:45:00Z,2026-08-05T11:45:00Z,DONE
REQ-058,16,16,electrical,MEDIUM,2026-08-05T08:30:00Z,2026-08-06T08:30:00Z,DONE
REQ-059,42,40,shuttle_transit,LOW,2026-08-05T09:15:00Z,2026-08-05T09:45:00Z,DONE
REQ-060,20,20,carpentry,LOW,2026-08-05T10:05:00Z,2026-08-08T10:05:00Z,DONE
REQ-061,37,37,IT_network,MEDIUM,2026-08-05T11:00:00Z,2026-08-06T11:00:00Z,DONE
REQ-062,44,43,shuttle_transit,MEDIUM,2026-08-05T12:00:00Z,2026-08-05T12:30:00Z,DONE
REQ-063,2,2,plumbing,LOW,2026-08-05T13:10:00Z,2026-08-08T13:10:00Z,DONE
REQ-064,30,30,electrical,HIGH,2026-08-05T14:05:00Z,2026-08-06T14:05:00Z,DONE
REQ-065,43,40,shuttle_transit,LOW,2026-08-05T15:20:00Z,2026-08-05T15:50:00Z,DONE
REQ-066,35,35,plumbing,MEDIUM,2026-08-05T16:15:00Z,2026-08-06T16:15:00Z,DONE
REQ-067,23,23,carpentry,LOW,2026-08-05T17:10:00Z,2026-08-09T17:10:00Z,DONE
REQ-068,40,42,shuttle_transit,MEDIUM,2026-08-06T07:10:00Z,2026-08-06T07:40:00Z,DONE
REQ-069,12,12,waste_management,LOW,2026-08-06T08:00:00Z,2026-08-08T08:00:00Z,DONE
REQ-070,28,28,lab_equipment,CRITICAL,2026-08-06T08:50:00Z,2026-08-06T12:50:00Z,DONE
REQ-071,44,41,shuttle_transit,LOW,2026-08-06T09:40:00Z,2026-08-06T10:10:00Z,DONE
REQ-072,3,3,electrical,MEDIUM,2026-08-06T10:30:00Z,2026-08-07T10:30:00Z,DONE
REQ-073,16,16,IT_network,LOW,2026-08-06T11:20:00Z,2026-08-09T11:20:00Z,DONE
REQ-074,43,15,shuttle_transit,HIGH,2026-08-06T12:15:00Z,2026-08-06T12:45:00Z,DONE
REQ-075,4,4,plumbing,MEDIUM,2026-08-06T13:05:00Z,2026-08-07T13:05:00Z,DONE
REQ-076,31,31,electrical,LOW,2026-08-06T14:00:00Z,2026-08-09T14:00:00Z,DONE
REQ-077,40,16,shuttle_transit,LOW,2026-08-06T15:05:00Z,2026-08-06T15:35:00Z,CANCELLED
REQ-078,17,17,carpentry,MEDIUM,2026-08-06T16:10:00Z,2026-08-07T16:10:00Z,DONE
REQ-079,8,8,IT_network,LOW,2026-08-06T17:00:00Z,2026-08-09T17:00:00Z,DONE
REQ-080,42,44,shuttle_transit,MEDIUM,2026-08-07T07:20:00Z,2026-08-07T07:50:00Z,DONE
REQ-081,38,38,lab_equipment,HIGH,2026-08-07T08:10:00Z,2026-08-08T08:10:00Z,DONE
REQ-082,14,14,plumbing,LOW,2026-08-07T09:00:00Z,2026-08-10T09:00:00Z,DONE
REQ-083,40,12,shuttle_transit,LOW,2026-08-07T10:00:00Z,2026-08-07T10:30:00Z,DONE
REQ-084,5,5,waste_management,MEDIUM,2026-08-07T10:50:00Z,2026-08-08T10:50:00Z,DONE
REQ-085,25,25,IT_network,CRITICAL,2026-08-07T11:45:00Z,2026-08-07T15:45:00Z,DONE
REQ-086,43,40,shuttle_transit,LOW,2026-08-07T12:35:00Z,2026-08-07T13:05:00Z,DONE
REQ-087,22,22,electrical,MEDIUM,2026-08-07T13:30:00Z,2026-08-08T13:30:00Z,DONE
REQ-088,32,32,lab_equipment,LOW,2026-08-07T14:20:00Z,2026-08-10T14:20:00Z,DONE
REQ-089,44,43,shuttle_transit,MEDIUM,2026-08-07T15:15:00Z,2026-08-07T15:45:00Z,DONE
REQ-090,1,1,carpentry,LOW,2026-08-07T16:05:00Z,2026-08-10T16:05:00Z,DONE
REQ-091,33,33,plumbing,HIGH,2026-08-07T17:10:00Z,2026-08-08T17:10:00Z,DONE
REQ-092,40,42,shuttle_transit,LOW,2026-08-08T07:05:00Z,2026-08-08T07:35:00Z,DONE
REQ-093,2,2,electrical,LOW,2026-08-08T08:00:00Z,2026-08-11T08:00:00Z,DONE
REQ-094,16,16,IT_network,MEDIUM,2026-08-08T08:50:00Z,2026-08-09T08:50:00Z,DONE
REQ-095,43,40,shuttle_transit,HIGH,2026-08-08T09:40:00Z,2026-08-08T10:10:00Z,DONE
REQ-096,15,15,plumbing,LOW,2026-08-08T10:25:00Z,2026-08-11T10:25:00Z,DONE
REQ-097,29,29,carpentry,MEDIUM,2026-08-08T11:15:00Z,2026-08-09T11:15:00Z,DONE
REQ-098,44,16,shuttle_transit,LOW,2026-08-08T12:05:00Z,2026-08-08T12:35:00Z,CANCELLED
REQ-099,39,39,IT_network,LOW,2026-08-08T13:00:00Z,2026-08-11T13:00:00Z,DONE
REQ-100,10,10,waste_management,MEDIUM,2026-08-08T14:00:00Z,2026-08-09T14:00:00Z,DONE
REQ-101,40,43,shuttle_transit,LOW,2026-08-08T15:10:00Z,2026-08-08T15:40:00Z,DONE
REQ-102,17,17,electrical,CRITICAL,2026-08-08T16:05:00Z,2026-08-08T20:05:00Z,DONE
REQ-103,45,45,plumbing,LOW,2026-08-08T17:00:00Z,2026-08-11T17:00:00Z,DONE
REQ-104,42,40,shuttle_transit,MEDIUM,2026-08-09T07:15:00Z,2026-08-09T07:45:00Z,DONE
REQ-105,34,34,IT_network,HIGH,2026-08-09T08:20:00Z,2026-08-10T08:20:00Z,DONE
REQ-106,6,6,carpentry,LOW,2026-08-09T09:10:00Z,2026-08-12T09:10:00Z,DONE
REQ-107,43,12,shuttle_transit,LOW,2026-08-09T10:00:00Z,2026-08-09T10:30:00Z,DONE
REQ-108,26,26,lab_equipment,MEDIUM,2026-08-09T11:00:00Z,2026-08-10T11:00:00Z,DONE
REQ-109,7,7,electrical,LOW,2026-08-09T12:00:00Z,2026-08-12T12:00:00Z,DONE
REQ-110,40,16,shuttle_transit,MEDIUM,2026-08-09T13:10:00Z,2026-08-09T13:40:00Z,DONE
REQ-111,3,3,waste_management,LOW,2026-08-09T14:15:00Z,2026-08-12T14:15:00Z,DONE
REQ-112,23,23,IT_network,MEDIUM,2026-08-09T15:20:00Z,2026-08-10T15:20:00Z,DONE
REQ-113,44,43,shuttle_transit,LOW,2026-08-09T16:15:00Z,2026-08-09T16:45:00Z,DONE
REQ-114,31,31,plumbing,HIGH,2026-08-09T17:10:00Z,2026-08-10T17:10:00Z,DONE
REQ-115,40,42,shuttle_transit,LOW,2026-08-10T07:10:00Z,2026-08-10T07:40:00Z,DONE
REQ-116,4,4,electrical,MEDIUM,2026-08-10T08:05:00Z,2026-08-11T08:05:00Z,DONE
REQ-117,11,11,carpentry,LOW,2026-08-10T09:00:00Z,2026-08-13T09:00:00Z,DONE
REQ-118,43,40,shuttle_transit,MEDIUM,2026-08-10T10:00:00Z,2026-08-10T10:30:00Z,DONE
REQ-119,16,16,IT_network,CRITICAL,2026-08-10T10:45:00Z,2026-08-10T14:45:00Z,IN_PROGRESS
REQ-120,38,38,lab_equipment,LOW,2026-08-10T11:50:00Z,2026-08-13T11:50:00Z,DONE
REQ-121,41,45,shuttle_transit,LOW,2026-08-10T12:30:00Z,2026-08-10T13:00:00Z,DONE
REQ-122,2,2,plumbing,MEDIUM,2026-08-10T13:20:00Z,2026-08-11T13:20:00Z,DONE
REQ-123,5,5,electrical,LOW,2026-08-10T14:10:00Z,2026-08-13T14:10:00Z,DONE
REQ-124,44,16,shuttle_transit,MEDIUM,2026-08-10T15:05:00Z,2026-08-10T15:35:00Z,DONE
REQ-125,18,18,carpentry,HIGH,2026-08-10T16:00:00Z,2026-08-11T16:00:00Z,DONE
REQ-126,13,13,waste_management,LOW,2026-08-10T17:00:00Z,2026-08-13T17:00:00Z,DONE
REQ-127,42,40,shuttle_transit,LOW,2026-08-11T07:15:00Z,2026-08-11T07:45:00Z,DONE
REQ-128,32,32,lab_equipment,MEDIUM,2026-08-11T08:20:00Z,2026-08-12T08:20:00Z,IN_PROGRESS
REQ-129,25,25,IT_network,LOW,2026-08-11T09:10:00Z,2026-08-14T09:10:00Z,DONE
REQ-130,40,43,shuttle_transit,HIGH,2026-08-11T10:05:00Z,2026-08-11T10:35:00Z,DONE
REQ-131,8,8,plumbing,MEDIUM,2026-08-11T11:00:00Z,2026-08-12T11:00:00Z,DONE
REQ-132,24,24,electrical,LOW,2026-08-11T12:00:00Z,2026-08-14T12:00:00Z,DONE
REQ-133,44,41,shuttle_transit,LOW,2026-08-11T13:00:00Z,2026-08-11T13:30:00Z,DONE
REQ-134,21,21,carpentry,MEDIUM,2026-08-11T14:10:00Z,2026-08-12T14:10:00Z,IN_PROGRESS
REQ-135,36,36,IT_network,CRITICAL,2026-08-11T15:20:00Z,2026-08-11T19:20:00Z,DONE
REQ-136,43,15,shuttle_transit,LOW,2026-08-11T16:15:00Z,2026-08-11T16:45:00Z,DONE
REQ-137,14,14,plumbing,HIGH,2026-08-11T17:10:00Z,2026-08-12T17:10:00Z,IN_PROGRESS
REQ-138,40,42,shuttle_transit,LOW,2026-08-12T07:20:00Z,2026-08-12T07:50:00Z,DONE
REQ-139,17,17,electrical,MEDIUM,2026-08-12T08:15:00Z,2026-08-13T08:15:00Z,IN_PROGRESS
REQ-140,27,27,lab_equipment,LOW,2026-08-12T09:10:00Z,2026-08-15T09:10:00Z,DONE
REQ-141,41,40,shuttle_transit,MEDIUM,2026-08-12T10:05:00Z,2026-08-12T10:35:00Z,DONE
REQ-142,3,3,waste_management,LOW,2026-08-12T11:00:00Z,2026-08-15T11:00:00Z,DONE
REQ-143,16,16,IT_network,MEDIUM,2026-08-12T12:00:00Z,2026-08-13T12:00:00Z,IN_PROGRESS
REQ-144,43,12,shuttle_transit,LOW,2026-08-12T13:00:00Z,2026-08-12T13:30:00Z,DONE
REQ-145,2,2,carpentry,HIGH,2026-08-12T14:15:00Z,2026-08-13T14:15:00Z,DONE
REQ-146,30,30,electrical,LOW,2026-08-12T15:10:00Z,2026-08-15T15:10:00Z,DONE
REQ-147,44,16,shuttle_transit,MEDIUM,2026-08-12T16:05:00Z,2026-08-12T16:35:00Z,DONE
REQ-148,4,4,plumbing,LOW,2026-08-12T17:00:00Z,2026-08-15T17:00:00Z,DONE
REQ-149,42,40,shuttle_transit,LOW,2026-08-13T07:10:00Z,2026-08-13T07:40:00Z,DONE
REQ-150,33,33,electrical,CRITICAL,2026-08-13T08:00:00Z,2026-08-13T12:00:00Z,IN_PROGRESS
REQ-151,28,28,lab_equipment,MEDIUM,2026-08-13T09:05:00Z,2026-08-14T09:05:00Z,ASSIGNED
REQ-152,40,43,shuttle_transit,LOW,2026-08-13T10:00:00Z,2026-08-13T10:30:00Z,DONE
REQ-153,15,15,IT_network,LOW,2026-08-13T11:10:00Z,2026-08-16T11:10:00Z,PENDING
REQ-154,5,5,plumbing,MEDIUM,2026-08-13T12:15:00Z,2026-08-14T12:15:00Z,ASSIGNED
REQ-155,43,44,shuttle_transit,HIGH,2026-08-13T13:10:00Z,2026-08-13T13:40:00Z,DONE
REQ-156,23,23,carpentry,LOW,2026-08-13T14:20:00Z,2026-08-16T14:20:00Z,PENDING
REQ-157,11,11,electrical,MEDIUM,2026-08-13T15:15:00Z,2026-08-14T15:15:00Z,IN_PROGRESS
REQ-158,41,42,shuttle_transit,LOW,2026-08-13T16:10:00Z,2026-08-13T16:40:00Z,DONE
REQ-159,37,37,waste_management,LOW,2026-08-13T17:00:00Z,2026-08-16T17:00:00Z,PENDING
REQ-160,40,16,shuttle_transit,MEDIUM,2026-08-14T07:15:00Z,2026-08-14T07:45:00Z,DONE
REQ-161,25,25,IT_network,HIGH,2026-08-14T08:10:00Z,2026-08-15T08:10:00Z,ASSIGNED
REQ-162,1,1,plumbing,LOW,2026-08-14T09:05:00Z,2026-08-17T09:05:00Z,PENDING
REQ-163,44,40,shuttle_transit,LOW,2026-08-14T10:00:00Z,2026-08-14T10:30:00Z,IN_PROGRESS
REQ-164,32,32,lab_equipment,MEDIUM,2026-08-14T11:15:00Z,2026-08-15T11:15:00Z,PENDING
REQ-165,12,12,electrical,LOW,2026-08-14T12:20:00Z,2026-08-17T12:20:00Z,PENDING
REQ-166,43,15,shuttle_transit,MEDIUM,2026-08-14T13:10:00Z,2026-08-14T13:40:00Z,IN_PROGRESS
REQ-167,16,16,IT_network,CRITICAL,2026-08-14T14:05:00Z,2026-08-14T18:05:00Z,ASSIGNED
REQ-168,10,10,carpentry,LOW,2026-08-14T15:15:00Z,2026-08-17T15:15:00Z,PENDING
REQ-169,42,44,shuttle_transit,LOW,2026-08-14T16:20:00Z,2026-08-14T16:50:00Z,PENDING
REQ-170,2,2,plumbing,MEDIUM,2026-08-14T17:10:00Z,2026-08-15T17:10:00Z,PENDING
REQ-171,40,43,shuttle_transit,LOW,2026-08-15T07:10:00Z,2026-08-15T07:40:00Z,PENDING
REQ-172,39,39,electrical,HIGH,2026-08-15T08:00:00Z,2026-08-16T08:00:00Z,PENDING
REQ-173,8,8,waste_management,LOW,2026-08-15T09:15:00Z,2026-08-18T09:15:00Z,PENDING
REQ-174,41,40,shuttle_transit,MEDIUM,2026-08-15T10:05:00Z,2026-08-15T10:35:00Z,PENDING
REQ-175,26,26,lab_equipment,LOW,2026-08-15T11:20:00Z,2026-08-18T11:20:00Z,PENDING
REQ-176,17,17,carpentry,MEDIUM,2026-08-15T12:15:00Z,2026-08-16T12:15:00Z,PENDING
REQ-177,44,43,shuttle_transit,LOW,2026-08-15T13:10:00Z,2026-08-15T13:40:00Z,PENDING
REQ-178,3,3,plumbing,CRITICAL,2026-08-15T14:05:00Z,2026-08-15T18:05:00Z,PENDING
REQ-179,21,21,IT_network,LOW,2026-08-15T15:00:00Z,2026-08-18T15:00:00Z,PENDING
REQ-180,43,40,shuttle_transit,MEDIUM,2026-08-15T16:10:00Z,2026-08-15T16:40:00Z,PENDING
REQ-181,14,14,electrical,LOW,2026-08-15T17:05:00Z,2026-08-18T17:05:00Z,PENDING
REQ-182,42,16,shuttle_transit,LOW,2026-08-01T07:15:00Z,2026-08-01T07:45:00Z,DONE
REQ-183,1,1,plumbing,MEDIUM,2026-08-01T08:20:00Z,2026-08-02T08:20:00Z,DONE
REQ-184,23,23,IT_network,HIGH,2026-08-01T09:30:00Z,2026-08-02T09:30:00Z,DONE
REQ-185,40,43,shuttle_transit,LOW,2026-08-01T10:15:00Z,2026-08-01T10:45:00Z,DONE
REQ-186,17,17,electrical,MEDIUM,2026-08-01T11:10:00Z,2026-08-02T11:10:00Z,DONE
REQ-187,5,5,carpentry,LOW,2026-08-01T12:05:00Z,2026-08-04T12:05:00Z,DONE
REQ-188,44,40,shuttle_transit,MEDIUM,2026-08-01T13:20:00Z,2026-08-01T13:50:00Z,DONE
REQ-189,32,32,lab_equipment,CRITICAL,2026-08-01T14:30:00Z,2026-08-01T18:30:00Z,DONE
REQ-190,8,8,plumbing,LOW,2026-08-01T15:40:00Z,2026-08-04T15:40:00Z,DONE
REQ-191,41,45,shuttle_transit,LOW,2026-08-01T16:25:00Z,2026-08-01T16:55:00Z,CANCELLED
REQ-192,2,2,waste_management,MEDIUM,2026-08-02T07:10:00Z,2026-08-03T07:10:00Z,DONE
REQ-193,25,25,IT_network,LOW,2026-08-02T08:15:00Z,2026-08-05T08:15:00Z,DONE
REQ-194,43,15,shuttle_transit,MEDIUM,2026-08-02T09:25:00Z,2026-08-02T09:55:00Z,DONE
REQ-195,15,15,electrical,HIGH,2026-08-02T10:30:00Z,2026-08-03T10:30:00Z,DONE
REQ-196,18,18,carpentry,LOW,2026-08-02T11:20:00Z,2026-08-05T11:20:00Z,DONE
REQ-197,40,42,shuttle_transit,LOW,2026-08-02T12:15:00Z,2026-08-02T12:45:00Z,DONE
REQ-198,33,33,electrical,CRITICAL,2026-08-02T13:00:00Z,2026-08-02T17:00:00Z,DONE
REQ-199,4,4,plumbing,MEDIUM,2026-08-02T14:10:00Z,2026-08-03T14:10:00Z,DONE
REQ-200,44,16,shuttle_transit,LOW,2026-08-02T15:20:00Z,2026-08-02T15:50:00Z,DONE
REQ-201,12,12,IT_network,LOW,2026-08-02T16:30:00Z,2026-08-05T16:30:00Z,DONE
REQ-202,36,36,IT_network,MEDIUM,2026-08-03T07:15:00Z,2026-08-04T07:15:00Z,DONE
REQ-203,42,40,shuttle_transit,LOW,2026-08-03T08:20:00Z,2026-08-03T08:50:00Z,DONE
REQ-204,10,10,plumbing,HIGH,2026-08-03T09:10:00Z,2026-08-04T09:10:00Z,DONE
REQ-205,38,38,lab_equipment,LOW,2026-08-03T10:05:00Z,2026-08-06T10:05:00Z,DONE
REQ-206,43,44,shuttle_transit,MEDIUM,2026-08-03T11:15:00Z,2026-08-03T11:45:00Z,DONE
REQ-207,14,14,waste_management,LOW,2026-08-03T12:30:00Z,2026-08-06T12:30:00Z,DONE
REQ-208,21,21,carpentry,CRITICAL,2026-08-03T13:40:00Z,2026-08-03T17:40:00Z,DONE
REQ-209,40,12,shuttle_transit,LOW,2026-08-03T14:25:00Z,2026-08-03T14:55:00Z,DONE
REQ-210,28,28,lab_equipment,MEDIUM,2026-08-03T15:35:00Z,2026-08-04T15:35:00Z,DONE
REQ-211,3,3,plumbing,LOW,2026-08-03T16:45:00Z,2026-08-06T16:45:00Z,DONE
REQ-212,41,40,shuttle_transit,MEDIUM,2026-08-04T07:20:00Z,2026-08-04T07:50:00Z,DONE
REQ-213,26,26,electrical,HIGH,2026-08-04T08:15:00Z,2026-08-05T08:15:00Z,DONE
REQ-214,16,16,IT_network,LOW,2026-08-04T09:30:00Z,2026-08-07T09:30:00Z,DONE
REQ-215,44,16,shuttle_transit,LOW,2026-08-04T10:20:00Z,2026-08-04T10:50:00Z,DONE
REQ-216,46,46,waste_management,MEDIUM,2026-08-04T11:10:00Z,2026-08-05T11:10:00Z,DONE
REQ-217,13,13,plumbing,LOW,2026-08-04T12:05:00Z,2026-08-07T12:05:00Z,DONE
REQ-218,43,40,shuttle_transit,CRITICAL,2026-08-04T13:15:00Z,2026-08-04T13:45:00Z,DONE
REQ-219,34,34,electrical,MEDIUM,2026-08-04T14:25:00Z,2026-08-05T14:25:00Z,DONE
REQ-220,19,19,carpentry,LOW,2026-08-04T15:40:00Z,2026-08-07T15:40:00Z,DONE
REQ-221,40,42,shuttle_transit,LOW,2026-08-04T16:50:00Z,2026-08-04T17:20:00Z,DONE
REQ-222,27,27,lab_equipment,MEDIUM,2026-08-05T07:15:00Z,2026-08-06T07:15:00Z,DONE
REQ-223,7,7,IT_network,HIGH,2026-08-05T08:20:00Z,2026-08-06T08:20:00Z,DONE
REQ-224,42,40,shuttle_transit,LOW,2026-08-05T09:30:00Z,2026-08-05T10:00:00Z,DONE
REQ-225,1,1,electrical,LOW,2026-08-05T10:15:00Z,2026-08-08T10:15:00Z,DONE
REQ-226,39,39,IT_network,MEDIUM,2026-08-05T11:25:00Z,2026-08-06T11:25:00Z,DONE
REQ-227,44,16,shuttle_transit,LOW,2026-08-05T12:40:00Z,2026-08-05T13:10:00Z,CANCELLED
REQ-228,6,6,plumbing,CRITICAL,2026-08-05T13:50:00Z,2026-08-05T17:50:00Z,DONE
REQ-229,24,24,carpentry,MEDIUM,2026-08-05T14:45:00Z,2026-08-06T14:45:00Z,DONE
REQ-230,40,43,shuttle_transit,LOW,2026-08-05T15:55:00Z,2026-08-05T16:25:00Z,DONE
REQ-231,32,32,lab_equipment,LOW,2026-08-05T16:50:00Z,2026-08-08T16:50:00Z,DONE
REQ-232,29,29,electrical,MEDIUM,2026-08-06T07:20:00Z,2026-08-07T07:20:00Z,DONE
REQ-233,43,12,shuttle_transit,HIGH,2026-08-06T08:15:00Z,2026-08-06T08:45:00Z,DONE
REQ-234,11,11,waste_management,LOW,2026-08-06T09:30:00Z,2026-08-09T09:30:00Z,DONE
REQ-235,16,16,electrical,MEDIUM,2026-08-06T10:25:00Z,2026-08-07T10:25:00Z,DONE
REQ-236,41,40,shuttle_transit,LOW,2026-08-06T11:15:00Z,2026-08-06T11:45:00Z,DONE
REQ-237,20,20,carpentry,LOW,2026-08-06T12:05:00Z,2026-08-09T12:05:00Z,DONE
REQ-238,37,37,IT_network,CRITICAL,2026-08-06T13:20:00Z,2026-08-06T17:20:00Z,DONE
REQ-239,40,42,shuttle_transit,MEDIUM,2026-08-06T14:35:00Z,2026-08-06T15:05:00Z,DONE
REQ-240,2,2,plumbing,LOW,2026-08-06T15:40:00Z,2026-08-09T15:40:00Z,DONE
REQ-241,30,30,electrical,MEDIUM,2026-08-06T16:45:00Z,2026-08-07T16:45:00Z,DONE
REQ-242,44,43,shuttle_transit,LOW,2026-08-07T07:15:00Z,2026-08-07T07:45:00Z,DONE
REQ-243,35,35,plumbing,HIGH,2026-08-07T08:30:00Z,2026-08-08T08:30:00Z,DONE
REQ-244,23,23,carpentry,LOW,2026-08-07T09:40:00Z,2026-08-10T09:40:00Z,DONE
REQ-245,43,40,shuttle_transit,MEDIUM,2026-08-07T10:25:00Z,2026-08-07T10:55:00Z,DONE
REQ-246,12,12,waste_management,LOW,2026-08-07T11:10:00Z,2026-08-10T11:10:00Z,DONE
REQ-247,28,28,lab_equipment,MEDIUM,2026-08-07T12:15:00Z,2026-08-08T12:15:00Z,DONE
REQ-248,40,16,shuttle_transit,LOW,2026-08-07T13:20:00Z,2026-08-07T13:50:00Z,DONE
REQ-249,3,3,electrical,CRITICAL,2026-08-07T14:30:00Z,2026-08-07T18:30:00Z,DONE
REQ-250,16,16,IT_network,LOW,2026-08-07T15:45:00Z,2026-08-10T15:45:00Z,DONE
REQ-251,42,40,shuttle_transit,MEDIUM,2026-08-08T07:20:00Z,2026-08-08T07:50:00Z,DONE
REQ-252,4,4,plumbing,HIGH,2026-08-08T08:10:00Z,2026-08-09T08:10:00Z,DONE
REQ-253,31,31,electrical,LOW,2026-08-08T09:25:00Z,2026-08-11T09:25:00Z,DONE
REQ-254,44,43,shuttle_transit,LOW,2026-08-08T10:35:00Z,2026-08-08T11:05:00Z,DONE
REQ-255,17,17,carpentry,MEDIUM,2026-08-08T11:50:00Z,2026-08-09T11:50:00Z,DONE
REQ-256,8,8,IT_network,LOW,2026-08-08T13:00:00Z,2026-08-11T13:00:00Z,DONE
REQ-257,40,41,shuttle_transit,MEDIUM,2026-08-08T14:15:00Z,2026-08-08T14:45:00Z,DONE
REQ-258,38,38,lab_equipment,CRITICAL,2026-08-08T15:10:00Z,2026-08-08T19:10:00Z,DONE
REQ-259,14,14,plumbing,LOW,2026-08-08T16:20:00Z,2026-08-11T16:20:00Z,DONE
REQ-260,43,40,shuttle_transit,LOW,2026-08-09T07:30:00Z,2026-08-09T08:00:00Z,DONE
REQ-261,5,5,waste_management,MEDIUM,2026-08-09T08:45:00Z,2026-08-10T08:45:00Z,DONE
REQ-262,25,25,IT_network,HIGH,2026-08-09T10:00:00Z,2026-08-10T10:00:00Z,DONE
REQ-263,40,12,shuttle_transit,LOW,2026-08-09T11:15:00Z,2026-08-09T11:45:00Z,DONE
REQ-264,22,22,electrical,MEDIUM,2026-08-09T12:25:00Z,2026-08-10T12:25:00Z,DONE
REQ-265,32,32,lab_equipment,LOW,2026-08-09T13:40:00Z,2026-08-12T13:40:00Z,DONE
REQ-266,42,40,shuttle_transit,MEDIUM,2026-08-09T14:50:00Z,2026-08-09T15:20:00Z,DONE
REQ-267,1,1,carpentry,CRITICAL,2026-08-09T16:00:00Z,2026-08-09T20:00:00Z,DONE
REQ-268,33,33,plumbing,LOW,2026-08-10T07:15:00Z,2026-08-13T07:15:00Z,DONE
REQ-269,44,16,shuttle_transit,LOW,2026-08-10T08:30:00Z,2026-08-10T09:00:00Z,DONE
REQ-270,2,2,electrical,MEDIUM,2026-08-10T09:40:00Z,2026-08-11T09:40:00Z,DONE
REQ-271,16,16,IT_network,HIGH,2026-08-10T10:55:00Z,2026-08-11T10:55:00Z,DONE
REQ-272,40,43,shuttle_transit,LOW,2026-08-10T12:05:00Z,2026-08-10T12:35:00Z,DONE
REQ-273,15,15,plumbing,MEDIUM,2026-08-10T13:10:00Z,2026-08-11T13:10:00Z,DONE
REQ-274,29,29,carpentry,LOW,2026-08-10T14:20:00Z,2026-08-13T14:20:00Z,DONE
REQ-275,41,40,shuttle_transit,MEDIUM,2026-08-10T15:35:00Z,2026-08-10T16:05:00Z,IN_PROGRESS
REQ-276,39,39,IT_network,CRITICAL,2026-08-10T16:40:00Z,2026-08-10T20:40:00Z,DONE
REQ-277,10,10,waste_management,LOW,2026-08-11T07:20:00Z,2026-08-14T07:20:00Z,DONE
REQ-278,43,15,shuttle_transit,LOW,2026-08-11T08:15:00Z,2026-08-11T08:45:00Z,DONE
REQ-279,17,17,electrical,MEDIUM,2026-08-11T09:30:00Z,2026-08-12T09:30:00Z,DONE
REQ-280,45,45,plumbing,HIGH,2026-08-11T10:45:00Z,2026-08-12T10:45:00Z,DONE
REQ-281,40,42,shuttle_transit,LOW,2026-08-11T11:50:00Z,2026-08-11T12:20:00Z,DONE
REQ-282,34,34,IT_network,MEDIUM,2026-08-11T13:00:00Z,2026-08-12T13:00:00Z,DONE
REQ-283,6,6,carpentry,LOW,2026-08-11T14:15:00Z,2026-08-14T14:15:00Z,DONE
REQ-284,44,43,shuttle_transit,MEDIUM,2026-08-11T15:25:00Z,2026-08-11T15:55:00Z,IN_PROGRESS
REQ-285,26,26,lab_equipment,CRITICAL,2026-08-11T16:30:00Z,2026-08-11T20:30:00Z,DONE
REQ-286,7,7,electrical,LOW,2026-08-12T07:15:00Z,2026-08-15T07:15:00Z,DONE
REQ-287,40,16,shuttle_transit,LOW,2026-08-12T08:20:00Z,2026-08-12T08:50:00Z,DONE
REQ-288,3,3,waste_management,MEDIUM,2026-08-12T09:40:00Z,2026-08-13T09:40:00Z,IN_PROGRESS
REQ-289,23,23,IT_network,HIGH,2026-08-12T10:55:00Z,2026-08-13T10:55:00Z,DONE
REQ-290,43,12,shuttle_transit,LOW,2026-08-12T12:00:00Z,2026-08-12T12:30:00Z,DONE
REQ-291,31,31,plumbing,MEDIUM,2026-08-12T13:10:00Z,2026-08-13T13:10:00Z,DONE
REQ-292,4,4,electrical,LOW,2026-08-12T14:25:00Z,2026-08-15T14:25:00Z,IN_PROGRESS
REQ-293,42,40,shuttle_transit,MEDIUM,2026-08-12T15:40:00Z,2026-08-12T16:10:00Z,DONE
REQ-294,11,11,carpentry,CRITICAL,2026-08-12T16:45:00Z,2026-08-12T20:45:00Z,DONE
REQ-295,38,38,lab_equipment,LOW,2026-08-13T07:20:00Z,2026-08-16T07:20:00Z,PENDING
REQ-296,44,43,shuttle_transit,LOW,2026-08-13T08:30:00Z,2026-08-13T09:00:00Z,DONE
REQ-297,2,2,plumbing,MEDIUM,2026-08-13T09:45:00Z,2026-08-14T09:45:00Z,ASSIGNED
REQ-298,5,5,electrical,HIGH,2026-08-13T10:50:00Z,2026-08-14T10:50:00Z,IN_PROGRESS
REQ-299,40,12,shuttle_transit,LOW,2026-08-13T12:05:00Z,2026-08-13T12:35:00Z,DONE
REQ-300,18,18,carpentry,MEDIUM,2026-08-13T13:15:00Z,2026-08-14T13:15:00Z,PENDING
